{
	"format_version": "1.8.0",
	"animations": {
		"idle": {
			"loop": true,
			"animation_length": 4,
			"loop_delay": "0",
			"bones": {
				"eva": {
					"rotation": {
						"0.0": [12.5, 0, 0],
						"4.0": [12.5, 0, 0]
					},
					"position": {
						"0.0": [0, -47, 0],
						"2.0": [0, -82, -7.4],
						"4.0": [0, -47, 0]
					}
				},
				"chest": {
					"rotation": [15, 0, 0],
					"position": {
						"0.0": [0, 0, 0],
						"2.0": [0, -15, 0],
						"4.0": [0, 0, 0]
					}
				},
				"head": {
					"rotation": [-27.5, 0, 0]
				},
				"left_arm": {
					"rotation": {
						"0.0": [-4.9299, -1.70818, -4.69986],
						"2.0": [-4.66563, -2.33636, -12.17821],
						"4.0": [-4.9299, -1.70818, -4.69986]
					}
				},
				"left_forearm": {
					"rotation": [-42.15524, 25.95029, -2.12756]
				},
				"right_arm": {
					"rotation": {
						"0.0": [-4.9299, 1.70818, 4.69986],
						"2.0": [-4.66563, 2.33636, 12.17821],
						"4.0": [-4.9299, 1.70818, 4.69986]
					}
				},
				"right_forearm": {
					"rotation": [-42.15524, -25.95029, 2.12756]
				},
				"torso": {
					"position": {
						"0.0": [0, 0, 0],
						"4.0": [0, 0, 0]
					}
				},
				"right_leg": {
					"rotation": {
						"0.0": [-29.57555, 7.9185, 6.12673],
						"2.0": [-39.57555, 7.9185, 6.12673],
						"4.0": [-29.57555, 7.9185, 6.12673]
					}
				},
				"right_calf": {
					"rotation": {
						"0.0": [40, 0, 0],
						"2.0": [60, 0, 0],
						"4.0": [40, 0, 0]
					}
				},
				"right_feet": {
					"rotation": {
						"0.0": [-22.19157, -3.81024, -9.25249],
						"2.0": [-32.19157, -3.81024, -9.25249],
						"4.0": [-22.19157, -3.81024, -9.25249]
					}
				},
				"left_leg": {
					"rotation": {
						"0.0": [-29.57555, -7.9185, -6.12673],
						"2.0": [-39.57555, -7.9185, -6.12673],
						"4.0": [-29.57555, -7.9185, -6.12673]
					}
				},
				"left_calf": {
					"rotation": {
						"0.0": [40, 0, 0],
						"2.0": [60, 0, 0],
						"4.0": [40, 0, 0]
					}
				},
				"left_feet": {
					"rotation": {
						"0.0": [-22.19157, 3.81024, 9.25249],
						"2.0": [-32.19157, 3.81024, 9.25249],
						"4.0": [-22.19157, 3.81024, 9.25249]
					}
				},
				"entry_plug": {
					"relative_to": {
						"rotation": "entity"
					},
					"rotation": [0, 0, 0.01]
				},
				"player": {
					"relative_to": {
						"rotation": "entity"
					},
					"rotation": [0, 0, 0.01]
				}
			}
		},
		"walk": {
			"loop": true,
			"animation_length": 2,
			"loop_delay": "0",
			"bones": {
				"eva": {
					"rotation": [12.5, 0, 0],
					"position": {
						"0.0": {
							"post": [0, -52, 0],
							"lerp_mode": "catmullrom"
						},
						"0.5": {
							"post": [0, -10, 0],
							"lerp_mode": "catmullrom"
						},
						"1.0": {
							"post": [0, -52, 0],
							"lerp_mode": "catmullrom"
						},
						"1.5": {
							"post": [0, -10, 0],
							"lerp_mode": "catmullrom"
						},
						"2.0": {
							"post": [0, -52, 0],
							"lerp_mode": "catmullrom"
						}
					}
				},
				"chest": {
					"rotation": {
						"0.0": [5.04292, -7.4713, -0.6574],
						"1.0": [5.04292, 7.4713, 0.6574],
						"2.0": [5.04292, -7.4713, -0.6574]
					}
				},
				"head": {
					"rotation": {
						"0.0": [-17.32657, 7.90223, 0.13813],
						"1.0": [-12.27905, -7.85993, -0.83067],
						"2.0": [-17.32657, 7.90223, 0.13813]
					}
				},
				"left_arm": {
					"rotation": {
						"0.0": [35, 0, 0],
						"1.0": [-35, 0, 0],
						"2.0": [35, 0, 0]
					}
				},
				"left_forearm": {
					"rotation": [-22.15524, 25.95029, -2.12756]
				},
				"right_arm": {
					"rotation": {
						"0.0": [-35, 0, 0],
						"1.0": [35, 0, 0],
						"2.0": [-35, 0, 0]
					}
				},
				"right_forearm": {
					"rotation": [-22.15524, -25.95029, 2.12756]
				},
				"right_leg": {
					"rotation": {
						"0.0": [7.5, 0, 0],
						"1.0": [-42.5, 0, 0],
						"2.0": [7.5, 0, 0]
					}
				},
				"right_calf": {
					"rotation": {
						"0.0": [27.5, 0, 0],
						"1.0": [20, 0, 0],
						"1.25": [1.5, 0, 0],
						"2.0": [27.5, 0, 0]
					}
				},
				"right_feet": {
					"rotation": {
						"0.0": [-25, 0, 0],
						"1.0": [10, 0, 0],
						"2.0": [-25, 0, 0]
					}
				},
				"left_leg": {
					"rotation": {
						"0.0": [-42.5, 0, 0],
						"1.0": [7.5, 0, 0],
						"2.0": [-42.5, 0, 0]
					}
				},
				"left_calf": {
					"rotation": {
						"0.0": [20, 0, 0],
						"0.25": [1.5, 0, 0],
						"1.0": [27.5, 0, 0],
						"2.0": [20, 0, 0]
					}
				},
				"left_feet": {
					"rotation": {
						"0.0": [10, 0, 0],
						"1.0": [-25, 0, 0],
						"2.0": [10, 0, 0]
					}
				},
				"torso": {
					"rotation": {
						"0.0": [0, 5, 0],
						"1.0": [0, -5, 0],
						"2.0": [0, 5, 0]
					}
				}
			}
		}
	}
}