{
	"format_version": "1.8.0",
	"animations": {
		"run": {
			"loop": true,
			"animation_length": 0.6,
			"loop_delay": "0",
			"bones": {
				"eva": {
					"position": {
						"0.0": [0, -130, 0],
						"0.05": [0, -90, 0],
						"0.2": [0, -10, 0],
						"0.3": [0, -130, 0],
						"0.35": [0, -90, 0],
						"0.5": [0, -10, 0],
						"0.6": [0, -130, 0]
					}
				},
				"chest": {
					"rotation": {
						"0.0": [66.13413, 13.59375, 12.71367],
						"0.3": [65.5963, -12.20256, -12.10274],
						"0.6": [66.13413, 13.59375, 12.71367]
					}
				},
				"torso": {
					"rotation": {
						"0.0": [32.6027, -4.09405, -2.87277],
						"0.3": [32.60156, 4.09619, 2.87398],
						"0.6": [32.6027, -4.09405, -2.87277]
					}
				},
				"right_leg": {
					"rotation": {
						"0.0": [-73.14045, 5.5515, -0.64522],
						"0.05": [-68.42, 0, 0],
						"0.2": [4.5, 0, 0],
						"0.3": [4.5, 0, 0],
						"0.45": [-81.75, 0, 0],
						"0.55": [-95.92, 0, 0],
						"0.6": [-73.14045, 5.5515, -0.64522]
					}
				},
				"right_calf": {
					"rotation": {
						"0.0": [0, 0, 0],
						"0.05": [46.25, 0, 0],
						"0.2": [-0.83, 0, 0],
						"0.3": [87.5, 0, 0],
						"0.45": [83.75, 0, 0],
						"0.6": [0, 0, 0]
					}
				},
				"right_feet": {
					"rotation": {
						"0.0": [0, 0, 0],
						"0.1": [-27.5, 0, 0],
						"0.2": [47.5, 0, 0],
						"0.3": [0, 0, 0],
						"0.6": [0, 0, 0]
					}
				},
				"left_leg": {
					"rotation": {
						"0.0": [4.5, 0, 0],
						"0.15": [-81.75, 0, 0],
						"0.25": [-95.92, 0, 0],
						"0.3": [-73.14045, -5.5515, 0.64522],
						"0.35": [-68.42, 0, 0],
						"0.5": [3.67, 0, 0]
					}
				},
				"left_calf": {
					"rotation": {
						"0.0": [87.5, 0, 0],
						"0.15": [83.75, 0, 0],
						"0.3": [0, 0, 0],
						"0.35": [46.25, 0, 0],
						"0.5": [-0.83, 0, 0],
						"0.6": [87.5, 0, 0]
					}
				},
				"left_feet": {
					"rotation": {
						"0.0": [0, 0, 0],
						"0.3": [0, 0, 0],
						"0.4": [-27.5, 0, 0],
						"0.5": [47.5, 0, 0],
						"0.6": [0, 0, 0]
					}
				},
				"head": {
					"rotation": {
						"0.0": [-66.29749, -16.10951, 8.1556],
						"0.3": [-66.29749, 16.10951, -8.1556],
						"0.6": [-66.29749, -16.10951, 8.1556]
					}
				},
				"left_arm": {
					"rotation": {
						"0.0": [-89.77926, 9.65594, 2.61298],
						"0.15": [-36.25, 0, 0],
						"0.3": [66.29652, -14.36495, -29.47028],
						"0.6": [-89.77926, 9.65594, 2.61298]
					},
					"scale": 1
				},
				"left_forearm": {
					"rotation": {
						"0.0": [-58.98996, 26.32776, 14.92735],
						"0.15": [-1.25, 0, 0],
						"0.3": [-49.56754, -7.64427, -6.46635],
						"0.6": [-58.98996, 26.32776, 14.92735]
					}
				},
				"right_arm": {
					"rotation": {
						"0.0": [68.259, 17.26588, 36.65996],
						"0.3": [-89.77926, -9.65594, -2.61298],
						"0.45": [-36.25, 0, 0],
						"0.6": [68.259, 17.26588, 36.65996]
					}
				},
				"right_forearm": {
					"rotation": {
						"0.0": [-49.56754, 7.64427, 6.46635],
						"0.3": [-58.98996, -26.32776, -14.92735],
						"0.45": [-1.25, 0, 0],
						"0.6": [-49.56754, 7.64427, 6.46635]
					},
					"position": [0, -42, 0]
				},
				"player": {
					"relative_to": {
						"rotation": "entity"
					},
					"rotation": [0, 0, 0.01],
					"position": {
						"0.0": [-15, -18, 15],
						"0.15": [-0.07996, 30.01646, 20.34158],
						"0.3": [15, -18, 15],
						"0.45": [-0.07996, 30.01646, 20.34158],
						"0.6": [-15, -18, 15]
					}
				}
			}
		}
	}
}