{
	"format_version": "1.8.0",
	"animations": {
		"jump": {
			"loop": "hold_on_last_frame",
			"animation_length": 3,
			"loop_delay": "0",
			"bones": {
				"eva": {
					"rotation": {
						"0.0": [12.5, 0, 0],
						"0.15": [12.5, 0, 0],
						"1.0": [37.5, 0, 0],
						"1.25": [22.5, 0, 0],
						"1.6": [5, 0, 0]
					},
					"position": {
						"0.0": [0, -47, 0],
						"0.05": [0, -41, -15],
						"0.15": [0, -34, -40],
						"0.3": [0, -91, -25],
						"1.0": [0, -235, -125],
						"1.25": [0, 13, -125],
						"1.6": [0, 13, -47]
					}
				},
				"right_leg": {
					"rotation": {
						"0.0": [-29.57555, 7.9185, 6.12673],
						"0.15": [-19.57555, 7.9185, 6.12673],
						"1.0": [-77.07555, 7.9185, 6.12673],
						"1.25": [-12.2318, 7.9185, 6.12673],
						"2.0": [-39.57555, 7.9185, 6.12673],
						"3.0": [-12.07555, 7.9185, 6.12673]
					}
				},
				"right_calf": {
					"rotation": {
						"0.0": [40, 0, 0],
						"0.15": [25, 0, 0],
						"1.0": [107.5, 0, 0],
						"1.25": [30, 0, 0],
						"1.75": [65, 0, 0],
						"2.5": [32.5, 0, 0]
					},
					"position": {
						"0.0": [0, 0, 0],
						"1.0": [0, -20, 30],
						"1.25": [0, 0, 0],
						"1.75": [0, -9, 7]
					}
				},
				"right_feet": {
					"rotation": {
						"0.0": [-22.19157, -3.81024, -9.25249],
						"0.15": [-17.64732, -14.00458, -7.72803],
						"0.5": [-46.78804, -10.46849, -9.68419],
						"1.0": [-63.25762, -9.64309, -16.92478],
						"1.25": [70, 0, 0],
						"1.6": [40, 0, 0],
						"2.5": [25, 0, 0]
					},
					"position": {
						"0.0": [0, 0, 0],
						"1.0": [0, 25, 5],
						"1.25": [0, -3, 7],
						"3.0": [0, -4, 0]
					}
				},
				"left_leg": {
					"rotation": {
						"0.0": [-29.57555, -7.9185, -6.12673],
						"0.15": [-47.07555, -7.9185, -6.12673],
						"0.7": [-109.09404, -15.56426, 4.65079],
						"1.0": [-121.57765, -15.71024, 3.88317],
						"1.25": [-45.38754, -7.72548, -4.10018],
						"1.6": [9.61246, -7.72548, -4.10018],
						"3.0": [-12.07555, -7.9185, -6.1267]
					}
				},
				"left_calf": {
					"rotation": {
						"0.0": [40, 0, 0],
						"0.15": [27.5, 0, 0],
						"0.7": [89.41, 0, 0],
						"1.0": [100, 0, 0],
						"1.25": [62.5, 0, 0],
						"1.6": [25.17943, -1.88068, 3.91974],
						"2.5": [32.5, 0, 0]
					},
					"position": {
						"0.0": [0, 0, 0],
						"1.0": [0, -9, 7]
					}
				},
				"left_feet": {
					"rotation": {
						"0.0": [-22.19157, 3.81024, 9.25249],
						"0.15": [21.25769, -9.01727, 5.23713],
						"0.7": [-10.3471, -3.87276, 4.62459],
						"1.0": [-15.99517, -1.06666, 4.29047],
						"1.25": [55, 0, 0],
						"2.5": [25, 0, 0]
					},
					"position": {
						"0.0": [0, 0, 0],
						"0.7": [0, 7.1, 0],
						"1.0": [0, 3, 0],
						"1.25": [0, -4, 0]
					}
				},
				"chest": {
					"rotation": [15, 0, 0],
					"position": [0, 0, 0]
				},
				"head": {
					"rotation": {
						"0.15": [-27.5, 0, 0],
						"1.0": [-50, 0, 0],
						"1.25": [-37.5, 0, 0],
						"1.6": [-20, 0, 0]
					}
				},
				"player_head": {
					"rotation": [0, 0, 0]
				},
				"left_arm": {
					"rotation": {
						"0.0": [-4.9299, -1.70818, -4.69986],
						"1.0": [-28.68733, -9.08335, -17.82923],
						"1.25": [14.51082, 3.84097, -29.51082],
						"1.6": [41.57643, -43.68395, -73.04065],
						"3.0": [-97.7442, -58.79115, 6.37186]
					}
				},
				"left_forearm": {
					"rotation": {
						"0.0": [-42.15524, 25.95029, -2.12756],
						"1.0": [-41.56716, 33.90614, 9.0195],
						"1.25": [-54.76837, 6.13784, 4.31837],
						"1.6": [-52.84154, 18.26883, 13.36473],
						"3.0": [-59.40608, 22.59428, 16.04213]
					}
				},
				"right_arm": {
					"rotation": {
						"0.0": [-4.9299, 1.70818, 4.69986],
						"1.0": [-47.4299, 1.70818, 4.69986],
						"1.25": [14.51082, -3.841, 29.5108],
						"1.6": [41.57643, 43.684, 73.0407],
						"3.0": [-97.7442, 58.7912, -6.3719]
					}
				},
				"right_forearm": {
					"rotation": {
						"0.0": [-42.15524, -25.95029, 2.12756],
						"1.0": [-29.55253, -67.33845, 4.29416],
						"1.25": [-54.76837, -6.1378, -4.3184],
						"1.6": [-52.84154, -18.2688, -13.3647],
						"3.0": [-59.40608, -22.5943, -16.0421]
					}
				},
				"torso": {
					"rotation": {
						"0.0": [0, 0, 0],
						"0.15": [0, 12.5, 0],
						"1.0": [0, 12.5, 0],
						"1.25": [0, 0, 0]
					},
					"position": [0, 0, 0]
				},
				"player": {
					"relative_to": {
						"rotation": "entity"
					},
					"rotation": [0, 0, 0.01],
					"position": {
						"0.0": [0, 26.33399, 33.63809],
						"0.45": [0, 22.43726, 20.33537],
						"1.0": [0, 28.67326, 23.28061],
						"2.5": [0, 42.42981, 25.46602]
					}
				}
			}
		},
		"jump_r": {
			"loop": "hold_on_last_frame",
			"animation_length": 1,
			"loop_delay": "0",
			"bones": {
				"eva": {
					"rotation": {
						"0.0": [40, 0, 0],
						"1.0": [5, 0, 0]
					},
					"position": {
						"0.0": [0, -130, 0],
						"0.05": [0, -90, 0],
						"0.15": [0, -40, 0],
						"0.2": [0, 0, 0],
						"0.3": [0, 10, 0]
					}
				},
				"chest": {
					"rotation": {
						"0.0": [24.28356, 9.39129, 3.45118],
						"0.3": [23.9857, -7.93405, -2.91545],
						"1.0": [15, 0, 0]
					}
				},
				"torso": {
					"rotation": {
						"0.0": [-4.8973, -4.09405, -2.87277],
						"0.3": [-4.89844, 4.09619, 2.87398],
						"1.0": [0, 0, 0]
					}
				},
				"right_leg": {
					"rotation": {
						"0.0": [-73.14045, 5.5515, -0.64522],
						"0.2": [10, 0, 0],
						"1.0": [-12.07555, 7.9185, 6.12673]
					}
				},
				"right_calf": {
					"rotation": {
						"0.0": [0, 0, 0],
						"0.05": [46.25, 0, 0],
						"0.15": [7.36, 0, 0],
						"0.2": [-0.83, 0, 0],
						"1.0": [32.5, 0, 0]
					}
				},
				"right_feet": {
					"rotation": {
						"0.0": [0, 0, 0],
						"0.1": [-27.5, 0, 0],
						"0.15": [-13.13, 0, 0],
						"0.2": [47.5, 0, 0],
						"1.0": [25, 0, 0]
					},
					"position": [0, -4, 0]
				},
				"left_leg": {
					"rotation": {
						"0.0": [4.5, 0, 0],
						"0.15": [-81.75, 0, 0],
						"0.3": [-73.14045, -5.5515, 0.64522],
						"1.0": [-12.07555, -7.9185, -6.1267]
					}
				},
				"left_calf": {
					"rotation": {
						"0.0": [87.5, 0, 0],
						"0.15": [83.75, 0, 0],
						"0.5": [21.95, 0, 0],
						"1.0": [32.5, 0, 0]
					}
				},
				"left_feet": {
					"rotation": {
						"0.0": [0, 0, 0],
						"0.3": [55, 0, 0],
						"1.0": [25, 0, 0]
					},
					"position": [0, -4, 0]
				},
				"head": {
					"rotation": {
						"0.0": [-65.57497, -8.48959, 3.23822],
						"0.3": [-65.57497, 8.48959, -3.23822],
						"1.0": [-20, 0, 0]
					}
				},
				"left_arm": {
					"rotation": {
						"0.0": [-89.77926, 9.65594, 2.61298],
						"0.3": [29.29652, -14.36495, -29.47028],
						"1.0": [-97.7442, -58.79115, 6.37186]
					},
					"scale": 1
				},
				"left_forearm": {
					"rotation": {
						"0.0": [-58.98996, 26.32776, 14.92735],
						"0.15": [-1.25, 0, 0],
						"0.3": [-49.56754, -7.64427, -6.46635],
						"1.0": [-59.40608, 22.59428, 16.04213]
					}
				},
				"right_arm": {
					"rotation": {
						"0.0": [68.259, 17.26588, 36.65996],
						"1.0": [-97.7442, 58.7912, -6.3719]
					}
				},
				"right_forearm": {
					"rotation": {
						"0.0": [-49.56754, 7.64427, 6.46635],
						"0.3": [-58.98996, -26.32776, -14.92735],
						"1.0": [-59.40608, -22.5943, -16.0421]
					}
				},
				"player": {
					"relative_to": {
						"rotation": "entity"
					},
					"rotation": [0, 0, 0.01],
					"position": {
						"0.0": [-5.72705, 17.11492, 3.53427],
						"0.15": [-4.61238, 11.0657, 6.16445],
						"1.0": [0, 35.33609, 21.85755]
					}
				}
			}
		},
		"fall": {
			"loop": "hold_on_last_frame",
			"animation_length": 2,
			"loop_delay": "0",
			"bones": {
				"eva": {
					"rotation": {
						"0.0": [5, 0, 0],
						"0.25": [-20, 0, 0],
						"2.0": [12.5, 0, 0]
					},
					"position": {
						"0.0": [0, 45, -13],
						"0.5": [0, -135, 11],
						"1.0": [0, -197, 80],
						"2.0": [0, -47, 0]
					}
				},