{
	"format_version": "1.8.0",
	"animations": {
		"idle": {
			"loop": true,
			"animation_length": 4,
			"loop_delay": "0",
			"bones": {
				"eva": {
					"rotation": [12.5, 0, 0],
					"position": [0, -28, 0]
				},
				"chest": {
					"rotation": [5, 0, 0],
					"position": {
						"0.0": [0, 0, 0],
						"2.0": [0, -16, 0],
						"3.95": [0, 0, 0]
					}
				},
				"head": {
					"rotation": [-17.5, 0, 0]
				},
				"left_arm": {
					"rotation": {
						"0.0": [-19.9299, -1.70818, -4.69986],
						"2.0": [-19.71975, -3.40487, -9.40804],
						"4.0": [-19.9299, -1.70818, -4.69986]
					}
				},
				"left_forearm": {
					"rotation": [-22.15524, 25.95029, -2.12756]
				},
				"right_arm": {
					"rotation": {
						"0.0": [-19.9299, 1.70818, 4.69986],
						"2.0": [-19.71975, 3.40487, 9.40804],
						"4.0": [-19.9299, 1.70818, 4.69986]
					}
				},
				"right_forearm": {
					"rotation": [-22.15524, -25.95029, 2.12756]
				},
				"torso": {
					"position": {
						"0.0": [0, 0, 0],
						"2.0": [0, -16, 0],
						"3.95": [0, 0, 0]
					}
				},
				"right_leg": {
					"rotation": {
						"0.0": [-27.07555, 7.9185, 6.12673],
						"2.0": [-34.57555, 7.9185, 6.12673],
						"3.95": [-27.07555, 7.9185, 6.12673]
					}
				},
				"right_calf": {
					"rotation": {
						"0.0": [26.61362, 12.29707, -2.12813],
						"2.0": [39.11362, 12.29707, -2.12813],
						"3.95": [26.61362, 12.29707, -2.12813]
					}
				},
				"right_feet": {
					"rotation": {
						"0.0": [-9.95392, -1.08089, -4.88206],
						"2.0": [-14.95392, -1.08089, -4.88206],
						"3.95": [-9.95392, -1.08089, -4.88206]
					}
				},
				"left_leg": {
					"rotation": {
						"0.0": [-27.07555, -7.9185, -6.12673],
						"2.0": [-34.57555, -7.9185, -6.12673],
						"3.95": [-27.07555, -7.9185, -6.12673]
					}
				},
				"left_calf": {
					"rotation": {
						"0.0": [26.61362, -12.29707, 2.12813],
						"2.0": [39.11362, -12.29707, 2.12813],
						"3.95": [26.61362, -12.29707, 2.12813]
					}
				},
				"left_feet": {
					"rotation": {
						"0.0": [-9.95392, 1.08089, 4.88206],
						"2.0": [-14.95392, 1.08089, 4.88206],
						"3.95": [-9.95392, 1.08089, 4.88206]
					}
				}
			}
		},
		"walk": {
			"loop": true,
			"animation_length": 2,
			"loop_delay": "0",
			"bones": {
				"eva": {
					"rotation": [12.5, 0, 0],
					"position": {
						"0.0": {
							"post": [0, -52, 0],
							"lerp_mode": "catmullrom"
						},
						"0.5": {
							"post": [0, -10, 0],
							"lerp_mode": "catmullrom"
						},
						"1.0": {
							"post": [0, -52, 0],
							"lerp_mode": "catmullrom"
						},
						"1.5": {
							"post": [0, -10, 0],
							"lerp_mode": "catmullrom"
						},
						"2.0": {
							"post": [0, -52, 0],
							"lerp_mode": "catmullrom"
						}
					}
				},
				"chest": {
					"rotation": {
						"0.0": [5.04292, -7.4713, -0.6574],
						"1.0": [5.04292, 7.4713, 0.6574],
						"2.0": [5.04292, -7.4713, -0.6574]
					}
				},
				"head": {
					"rotation": {
						"0.0": [-17.32657, 7.90223, 0.13813],
						"1.0": [-12.27905, -7.85993, -0.83067],
						"2.0": [-17.32657, 7.90223, 0.13813]
					}
				},
				"left_arm": {
					"rotation": {
						"0.0": [35, 0, 0],
						"1.0": [-35, 0, 0],
						"2.0": [35, 0, 0]
					}
				},
				"left_forearm": {
					"rotation": [-22.15524, 25.95029, -2.12756]
				},
				"right_arm": {
					"rotation": {
						"0.0": [-35, 0, 0],
						"1.0": [35, 0, 0],
						"2.0": [-35, 0, 0]
					}
				},
				"right_forearm": {
					"rotation": [-22.15524, -25.95029, 2.12756]
				},
				"right_leg": {
					"rotation": {
						"0.0": [7.5, 0, 0],
						"1.0": [-42.5, 0, 0],
						"2.0": [7.5, 0, 0]
					}
				},
				"right_calf": {
					"rotation": {
						"0.0": [27.5, 0, 0],
						"1.0": [20, 0, 0],
						"1.25": [1.5, 0, 0],
						"2.0": [27.5, 0, 0]
					}
				},
				"right_feet": {
					"rotation": {
						"0.0": [-25, 0, 0],
						"1.0": [10, 0, 0],
						"2.0": [-25, 0, 0]
					}
				},
				"left_leg": {
					"rotation": {
						"0.0": [-42.5, 0, 0],
						"1.0": [7.5, 0, 0],
						"2.0": [-42.5, 0, 0]
					}
				},
				"left_calf": {
					"rotation": {
						"0.0": [20, 0, 0],
						"0.25": [1.5, 0, 0],
						"1.0": [27.5, 0, 0],
						"2.0": [20, 0, 0]
					}
				},
				"left_feet": {
					"rotation": {
						"0.0": [10, 0, 0],
						"1.0": [-25, 0, 0],
						"2.0": [10, 0, 0]
					}
				},
				"torso": {
					"rotation": {
						"0.0": [0, 5, 0],
						"1.0": [0, -5, 0],
						"2.0": [0, 5, 0]
					}
				}
			}
		}
	}
}