{
	"textures": {
		"5": "minecraft:item/chair"
	},
	"display": {
		"head": {
			"rotation": [0, 180, 0]
		}
	},
	"elements": [
		{
			"from": [5.48428, 8.60377, 6.23899],
			"to": [12.5283, 10.61635, 9.76101],
			"rotation": {
				"angle": 0,
				"axis": "y",
				"origin": [12.5283, 10.51572, 8]
			},
			"faces": {
				"north": {
					"uv": [6.75, 1, 7.75, 4.5],
					"rotation": 270,
					"texture": "#5"
				},
				"east": {
					"uv": [5, 0, 6.75, 1],
					"rotation": 180,
					"texture": "#5"
				},
				"south": {
					"uv": [6.75, 1, 7.75, 4.5],
					"rotation": 90,
					"texture": "#5"
				},
				"west": {
					"uv": [5, 4.5, 6.75, 5.5],
					"texture": "#5"
				},
				"up": {
					"uv": [6.75, 0, 7.75, 1],
					"texture": "#5"
				},
				"down": {
					"uv": [5, 1, 6.75, 4.5],
					"rotation": 90,
					"texture": "#5"
				}
			}
		},
		{
			"from": [11.52201, 8, 3.97484],
			"to": [14.54088, 13.03145, 3.97484],
			"rotation": {
				"angle": 0,
				"axis": "y",
				"origin": [2.46541, 8, 3.97484]
			},
			"faces": {
				"north": {
					"uv": [5.5, 13.125, 8, 11.625],
					"rotation": 270,
					"texture": "#5"
				},
				"east": {
					"uv": [0, 0, 16, 0],
					"rotation": 90,
					"texture": "#5"
				},
				"south": {
					"uv": [5.5, 11.625, 8, 13.125],
					"rotation": 270,
					"texture": "#5"
				},
				"west": {
					"uv": [0, 0, 16, 0],
					"rotation": 270,
					"texture": "#5"
				},
				"up": {
					"uv": [0, 0, 2.5, 0],
					"texture": "#5"
				},
				"down": {
					"uv": [0, 0, 2.5, 0],
					"rotation": 180,
					"texture": "#5"
				}
			}
		},
		{
			"from": [4.80503, 10.41509, 6.49057],
			"to": [7.32075, 15.44654, 9.50943],
			"rotation": {
				"angle": 45,
				"axis": "z",
				"origin": [8.50314, 11.52201, 8]
			},
			"faces": {
				"north": {
					"uv": [9.25, 1.25, 10.5, 3.75],
					"texture": "#5"
				},
				"east": {
					"uv": [7.75, 1.25, 9.25, 3.75],
					"texture": "#5"
				},
				"south": {
					"uv": [10.5, 1.25, 9.25, 3.75],
					"texture": "#5"
				},
				"west": {
					"uv": [10.5, 1.25, 12, 3.75],
					"texture": "#5"
				},
				"up": {
					"uv": [7.75, 1.25, 9.25, 0],
					"rotation": 90,
					"texture": "#5"
				},
				"down": {
					"uv": [6.75, 0, 7.75, 1],
					"texture": "#5"
				}
			}
		},
		{
			"from": [-2.44025, 8, 8],
			"to": [-0.93082, 10.01258, 8],
			"rotation": {
				"angle": 0,
				"axis": "y",
				"origin": [-0.55346, 9.00629, 8]
			},
			"faces": {
				"north": {
					"uv": [1.625, 12.375, 0.625, 11.625],
					"rotation": 90,
					"texture": "#5"
				},
				"east": {
					"uv": [0, 0, 2.5, 0],
					"rotation": 90,
					"texture": "#5"
				},
				"south": {
					"uv": [0.625, 12.375, 1.625, 11.625],
					"rotation": 270,
					"texture": "#5"
				},
				"west": {
					"uv": [0, 0, 2.5, 0],
					"rotation": 270,
					"texture": "#5"
				},
				"up": {
					"uv": [0, 0, 16, 0],
					"texture": "#5"
				},
				"down": {
					"uv": [0, 0, 16, 0],
					"rotation": 180,
					"texture": "#5"
				}
			}
		},
		{
			"from": [8.50314, 10.51572, 6.49057],
			"to": [12.5283, 11.52201, 9.50943],
			"rotation": {
				"angle": 22.5,
				"axis": "z",
				"origin": [12.5283, 10.51572, 8]
			},
			"faces": {
				"north": {
					"uv": [9.25, 3.75, 9.75, 5.75],
					"rotation": 90,
					"texture": "#5"
				},
				"east": {
					"uv": [7.75, 5.75, 9.25, 6.25],
					"texture": "#5"
				},
				"south": {
					"uv": [9.75, 3.75, 9.25, 5.75],
					"rotation": 270,
					"texture": "#5"
				},
				"west": {
					"uv": [6.75, 0, 7.75, 1],
					"texture": "#5"
				},
				"up": {
					"uv": [7.75, 3.75, 9.25, 5.75],
					"rotation": 270,
					"texture": "#5"
				},
				"down": {
					"uv": [6.75, 0, 7.75, 1],
					"texture": "#5"
				}
			}
		},
		{
			"from": [10.51572, 8, 8],
			"to": [12.5283, 9.50943, 8],
			"rotation": {
				"angle": 0,
				"axis": "y",
				"origin": [13.03145, 7.24528, 8]
			},
			"faces": {
				"north": {
					"uv": [0.625, 12.375, 1.625, 11.625],
					"rotation": 180,
					"texture": "#5"
				},
				"east": {
					"uv": [0, 0, 16, 0],
					"rotation": 270,
					"texture": "#5"
				},
				"south": {
					"uv": [1.625, 12.375, 0.625, 11.625],
					"rotation": 180,
					"texture": "#5"
				},
				"west": {
					"uv": [0, 0, 16, 0],
					"rotation": 90,
					"texture": "#5"
				},
				"up": {
					"uv": [0, 0, 2.5, 0],
					"rotation": 180,
					"texture": "#5"
				},
				"down": {
					"uv": [0, 0, 2.5, 0],
					"texture": "#5"
				}
			}
		},
		{
			"from": [-1.43396, 9.43396, 6.23899],
			"to": [2.59119, 10.44025, 9.76101],
			"rotation": {
				"angle": 0,
				"axis": "y",
				"origin": [4.47799, 10.01258, 3.97484]
			},
			"faces": {
				"north": {
					"uv": [8, 11.125, 10, 11.625],
					"texture": "#5"
				},
				"east": {
					"uv": [6.25, 11.125, 8, 11.625],
					"texture": "#5"
				},
				"south": {
					"uv": [8, 11.625, 10, 11.125],
					"rotation": 180,
					"texture": "#5"
				},
				"west": {
					"uv": [6.75, 0, 7.75, 1],
					"texture": "#5"
				},
				"up": {
					"uv": [6.25, 9.125, 8, 11.125],
					"rotation": 270,
					"texture": "#5"
				},
				"down": {
					"uv": [8, 11.625, 10, 13.375],
					"rotation": 180,
					"texture": "#5"
				}
			}
		},
		{
			"from": [-0.15094, 11.69811, 8.75472],
			"to": [4.8805, 13.45912, 9.25786],
			"rotation": {
				"angle": 0,
				"axis": "y",
				"origin": [4.47799, 10.01258, 3.97484]
			},
			"faces": {
				"north": {
					"uv": [6.75, 6.5, 9.25, 7.375],
					"texture": "#5"
				},
				"east": {
					"uv": [6.5, 6.5, 6.75, 7.375],
					"texture": "#5"
				},
				"south": {
					"uv": [6.75, 7.375, 9.25, 6.5],
					"rotation": 180,
					"texture": "#5"
				},
				"west": {
					"uv": [9.25, 6.5, 9.5, 7.375],
					"texture": "#5"
				},
				"up": {
					"uv": [6.75, 6.25, 9.25, 6.5],
					"rotation": 180,
					"texture": "#5"
				},
				"down": {
					"uv": [6.75, 7.375, 9.25, 7.625],
					"rotation": 180,
					"texture": "#5"
				}
			}
		},
		{
			"from": [-5.43396, 9.43396, 6.23899],
			"to": [-1.40881, 13.45912, 9.76101],
			"rotation": {
				"angle": 0,
				"axis": "y",
				"origin": [4.47799, 10.01258, 3.97484]
			},
			"faces": {
				"north": {
					"uv": [10, 9.625, 12, 11.625],
					"texture": "#5"
				},
				"east": {
					"uv": [8.25, 9.625, 10, 11.625],
					"texture": "#5"
				},
				"south": {
					"uv": [10, 11.625, 12, 9.625],
					"rotation": 180,
					"texture": "#5"
				},
				"west": {
					"uv": [12, 9.625, 13.75, 11.625],
					"texture": "#5"
				},
				"up": {
					"uv": [8.25, 7.625, 10, 9.625],
					"rotation": 270,
					"texture": "#5"
				},
				"down": {
					"uv": [10, 11.625, 12, 13.375],
					"rotation": 180,
					"texture": "#5"
				}
			}
		},
		{
			"from": [-0.15094, 11.69811, 6.74214],
			"to": [4.8805, 13.45912, 7.24528],
			"rotation": {
				"angle": 0,
				"axis": "y",
				"origin": [4.47799, 10.01258, 3.97484]
			},
			"faces": {
				"north": {
					"uv": [6.75, 6.5, 9.25, 7.375],
					"texture": "#5"
				},
				"east": {
					"uv": [6.5, 6.5, 6.75, 7.375],
					"texture": "#5"
				},
				"south": {
					"uv": [6.75, 6.5, 9.25, 7.375],
					"texture": "#5"
				},
				"west": {
					"uv": [9.25, 6.5, 9.5, 7.375],
					"texture": "#5"
				},
				"up": {
					"uv": [6.75, 6.25, 9.25, 6.5],
					"rotation": 180,
					"texture": "#5"
				},
				"down": {
					"uv": [6.75, 7.375, 9.25, 7.625],
					"rotation": 180,
					"texture": "#5"
				}
			}
		},
		{
			"from": [11.52201, 8, 12.02516],
			"to": [14.54088, 13.03145, 12.02516],
			"rotation": {
				"angle": 0,
				"axis": "y",
				"origin": [2.46541, 8, 3.97484]
			},
			"faces": {
				"north": {
					"uv": [5.5, 13.125, 8, 11.625],
					"rotation": 270,
					"texture": "#5"
				},
				"east": {
					"uv": [0, 0, 16, 0],
					"rotation": 90,
					"texture": "#5"
				},
				"south": {
					"uv": [5.5, 11.625, 8, 13.125],
					"rotation": 270,
					"texture": "#5"
				},
				"west": {
					"uv": [0, 0, 16, 0],
					"rotation": 270,
					"texture": "#5"
				},